[{"id":1,"first_name":"Pat","last_name":"Sant","email":"psant0@usatoday.com","gender":"Male","address":"485 Superior Circle"},
{"id":2,"first_name":"Alaric","last_name":"Weddell","email":"aweddell1@pbs.org","gender":"Male","address":"759 Susan Junction"},
{"id":3,"first_name":"Merwyn","last_name":"Burford","email":"mburford2@webeden.co.uk","gender":"Male","address":"0 Lukken Way"},
{"id":4,"first_name":"Abbot","last_name":"Schroter","email":"aschroter3@homestead.com","gender":"Male","address":"60 Beilfuss Center"},
{"id":5,"first_name":"Kelby","last_name":"Crossgrove","email":"kcrossgrove4@scribd.com","gender":"Male","address":"35 Monument Lane"},
{"id":6,"first_name":"Burt","last_name":"Roots","email":"broots5@cnbc.com","gender":"Male","address":"29 Kipling Court"},
{"id":7,"first_name":"Atlanta","last_name":"Gutridge","email":"agutridge6@spotify.com","gender":"Female","address":"20193 North Avenue"},
{"id":8,"first_name":"Chris","last_name":"Corson","email":"ccorson7@privacy.gov.au","gender":"Male","address":"361 Loomis Trail"},
{"id":9,"first_name":"Elenore","last_name":"Braunthal","email":"ebraunthal8@sina.com.cn","gender":"Female","address":"3367 Sutherland Trail"},
{"id":10,"first_name":"Duff","last_name":"Reddan","email":"dreddan9@bbb.org","gender":"Male","address":"85 Hallows Hill"},
{"id":11,"first_name":"Fair","last_name":"Brunel","email":"fbrunela@blogs.com","gender":"Male","address":"26798 Lindbergh Crossing"},
{"id":12,"first_name":"Kathe","last_name":"Tomkies","email":"ktomkiesb@opera.com","gender":"Female","address":"0590 Clove Street"},
{"id":13,"first_name":"Cloe","last_name":"Bradnum","email":"cbradnumc@reuters.com","gender":"Female","address":"6 Rieder Lane"},
{"id":14,"first_name":"Antone","last_name":"Rowlinson","email":"arowlinsond@ebay.com","gender":"Male","address":"34 Mosinee Parkway"},
{"id":15,"first_name":"Roma","last_name":"Bettis","email":"rbettise@fc2.com","gender":"Male","address":"67441 Oxford Center"},
{"id":16,"first_name":"Skipper","last_name":"Mullally","email":"smullallyf@goodreads.com","gender":"Male","address":"7368 Red Cloud Road"},
{"id":17,"first_name":"Giacobo","last_name":"Strongitharm","email":"gstrongitharmg@nifty.com","gender":"Male","address":"3 Everett Trail"},
{"id":18,"first_name":"Benoit","last_name":"Raulston","email":"braulstonh@e-recht24.de","gender":"Male","address":"59 Buhler Terrace"},
{"id":19,"first_name":"Zaria","last_name":"Bourgeois","email":"zbourgeoisi@usatoday.com","gender":"Female","address":"84 Springs Trail"},
{"id":20,"first_name":"Reeta","last_name":"Langmead","email":"rlangmeadj@cdbaby.com","gender":"Female","address":"5392 Heffernan Center"},
{"id":21,"first_name":"Antonina","last_name":"Chomicz","email":"achomiczk@marriott.com","gender":"Female","address":"84 Fisk Circle"},
{"id":22,"first_name":"Tobit","last_name":"Scimonelli","email":"tscimonellil@dell.com","gender":"Male","address":"686 Darwin Junction"},
{"id":23,"first_name":"Granny","last_name":"Arch","email":"garchm@phpbb.com","gender":"Male","address":"38 Hovde Plaza"},
{"id":24,"first_name":"Claudian","last_name":"Mordon","email":"cmordonn@ftc.gov","gender":"Male","address":"17455 Carberry Park"},
{"id":25,"first_name":"Julie","last_name":"Straw","email":"jstrawo@pcworld.com","gender":"Female","address":"51 Lunder Street"},
{"id":26,"first_name":"Colas","last_name":"Balnaves","email":"cbalnavesp@devhub.com","gender":"Male","address":"9259 Harper Way"},
{"id":27,"first_name":"Liana","last_name":"Ingleby","email":"linglebyq@twitter.com","gender":"Female","address":"3 Tomscot Lane"},
{"id":28,"first_name":"Vincent","last_name":"Bourrel","email":"vbourrelr@bandcamp.com","gender":"Male","address":"46435 Arapahoe Point"},
{"id":29,"first_name":"Derek","last_name":"Blakeden","email":"dblakedens@narod.ru","gender":"Male","address":"0834 Sullivan Trail"},
{"id":30,"first_name":"Ellwood","last_name":"Doudney","email":"edoudneyt@cargocollective.com","gender":"Male","address":"5234 Granby Street"},
{"id":31,"first_name":"Wallis","last_name":"Rye","email":"wryeu@spiegel.de","gender":"Female","address":"2 Washington Park"},
{"id":32,"first_name":"Hogan","last_name":"Rauprich","email":"hrauprichv@wp.com","gender":"Male","address":"1096 Russell Junction"},
{"id":33,"first_name":"Lemar","last_name":"Gissing","email":"lgissingw@wiley.com","gender":"Male","address":"6495 Di Loreto Plaza"},
{"id":34,"first_name":"Nari","last_name":"Frosch","email":"nfroschx@goodreads.com","gender":"Female","address":"38 Merchant Circle"},
{"id":35,"first_name":"Matty","last_name":"Delort","email":"mdelorty@last.fm","gender":"Male","address":"2 Ilene Drive"},
{"id":36,"first_name":"Dorotea","last_name":"Trewinnard","email":"dtrewinnardz@csmonitor.com","gender":"Female","address":"9978 Glacier Hill Alley"},
{"id":37,"first_name":"Kalina","last_name":"Cobbin","email":"kcobbin10@utexas.edu","gender":"Female","address":"060 5th Hill"},
{"id":38,"first_name":"Gayler","last_name":"Scotchmor","email":"gscotchmor11@npr.org","gender":"Male","address":"15 Rigney Point"},
{"id":39,"first_name":"Gordon","last_name":"Jeves","email":"gjeves12@gov.uk","gender":"Male","address":"32870 Donald Circle"},
{"id":40,"first_name":"Seka","last_name":"Harrismith","email":"sharrismith13@aol.com","gender":"Female","address":"05244 Sauthoff Point"},
{"id":41,"first_name":"Merlina","last_name":"Issacov","email":"missacov14@alexa.com","gender":"Female","address":"0 Onsgard Terrace"},
{"id":42,"first_name":"Adoree","last_name":"Friman","email":"afriman15@nationalgeographic.com","gender":"Female","address":"07 Forest Dale Street"},
{"id":43,"first_name":"Frederica","last_name":"Geistmann","email":"fgeistmann16@csmonitor.com","gender":"Female","address":"7 Birchwood Pass"},
{"id":44,"first_name":"Scottie","last_name":"Iggo","email":"siggo17@scientificamerican.com","gender":"Male","address":"9 Morningstar Parkway"},
{"id":45,"first_name":"Aimee","last_name":"Tineman","email":"atineman18@desdev.cn","gender":"Female","address":"33 Heffernan Crossing"},
{"id":46,"first_name":"Carlos","last_name":"Tebbe","email":"ctebbe19@phoca.cz","gender":"Male","address":"5749 Nelson Alley"},
{"id":47,"first_name":"Kean","last_name":"Macoun","email":"kmacoun1a@dailymail.co.uk","gender":"Male","address":"55054 Hanson Lane"},
{"id":48,"first_name":"Harriette","last_name":"Brewins","email":"hbrewins1b@sohu.com","gender":"Female","address":"7082 Jackson Court"},
{"id":49,"first_name":"Rainer","last_name":"McKeefry","email":"rmckeefry1c@yale.edu","gender":"Male","address":"165 Rockefeller Street"},
{"id":50,"first_name":"Dillon","last_name":"Obert","email":"dobert1d@w3.org","gender":"Male","address":"13 Oxford Alley"},
{"id":51,"first_name":"Trip","last_name":"Ruprich","email":"truprich1e@chron.com","gender":"Male","address":"1 Macpherson Circle"},
{"id":52,"first_name":"Ernaline","last_name":"Helks","email":"ehelks1f@berkeley.edu","gender":"Female","address":"08 Muir Park"},
{"id":53,"first_name":"Noami","last_name":"Waind","email":"nwaind1g@stumbleupon.com","gender":"Female","address":"9056 Southridge Parkway"},
{"id":54,"first_name":"Colan","last_name":"Beevens","email":"cbeevens1h@theglobeandmail.com","gender":"Male","address":"01 Vermont Center"},
{"id":55,"first_name":"Erhard","last_name":"Van't Hoff","email":"evanthoff1i@jalbum.net","gender":"Male","address":"5713 Bellgrove Court"},
{"id":56,"first_name":"Sigvard","last_name":"Gladtbach","email":"sgladtbach1j@ask.com","gender":"Male","address":"48 Fieldstone Point"},
{"id":57,"first_name":"Shepard","last_name":"Reboul","email":"sreboul1k@paginegialle.it","gender":"Male","address":"493 Pepper Wood Alley"},
{"id":58,"first_name":"Tiebold","last_name":"Wainer","email":"twainer1l@census.gov","gender":"Male","address":"05 Hollow Ridge Court"},
{"id":59,"first_name":"Lorenzo","last_name":"Greenhowe","email":"lgreenhowe1m@apple.com","gender":"Male","address":"1996 High Crossing Trail"},
{"id":60,"first_name":"Dory","last_name":"Lobe","email":"dlobe1n@google.co.jp","gender":"Female","address":"068 American Plaza"},
{"id":61,"first_name":"Jean","last_name":"Tizzard","email":"jtizzard1o@ucoz.ru","gender":"Male","address":"378 Pond Avenue"},
{"id":62,"first_name":"Demetre","last_name":"Kington","email":"dkington1p@cbc.ca","gender":"Male","address":"09 Carey Park"},
{"id":63,"first_name":"Jilly","last_name":"Deamer","email":"jdeamer1q@ycombinator.com","gender":"Female","address":"0573 Victoria Circle"},
{"id":64,"first_name":"Chicky","last_name":"Eyden","email":"ceyden1r@webnode.com","gender":"Male","address":"4 Graceland Road"},
{"id":65,"first_name":"Lilyan","last_name":"Jime","email":"ljime1s@dell.com","gender":"Female","address":"733 Sugar Trail"},
{"id":66,"first_name":"Constanta","last_name":"Burgwyn","email":"cburgwyn1t@dell.com","gender":"Female","address":"0 Becker Lane"},
{"id":67,"first_name":"Sapphira","last_name":"Asgodby","email":"sasgodby1u@domainmarket.com","gender":"Female","address":"068 Bluestem Center"},
{"id":68,"first_name":"Muffin","last_name":"Olivetti","email":"molivetti1v@hibu.com","gender":"Male","address":"3 Hoepker Pass"},
{"id":69,"first_name":"Karlene","last_name":"Fivey","email":"kfivey1w@amazon.co.uk","gender":"Female","address":"485 School Circle"},
{"id":70,"first_name":"Jobi","last_name":"Clowney","email":"jclowney1x@apple.com","gender":"Female","address":"66 Messerschmidt Lane"},
{"id":71,"first_name":"Ganny","last_name":"Paterson","email":"gpaterson1y@sitemeter.com","gender":"Male","address":"9 Hanover Pass"},
{"id":72,"first_name":"Georgie","last_name":"Eadon","email":"geadon1z@macromedia.com","gender":"Male","address":"99 Kim Park"},
{"id":73,"first_name":"Morry","last_name":"Esby","email":"mesby20@wordpress.com","gender":"Male","address":"718 2nd Crossing"},
{"id":74,"first_name":"Roley","last_name":"Cavet","email":"rcavet21@engadget.com","gender":"Male","address":"5535 Donald Circle"},
{"id":75,"first_name":"May","last_name":"Jonczyk","email":"mjonczyk22@goodreads.com","gender":"Female","address":"12804 Hollow Ridge Point"},
{"id":76,"first_name":"Rochette","last_name":"Ellerton","email":"rellerton23@nba.com","gender":"Female","address":"290 Thompson Point"},
{"id":77,"first_name":"Marlowe","last_name":"Whatling","email":"mwhatling24@ocn.ne.jp","gender":"Male","address":"0 Continental Street"},
{"id":78,"first_name":"Filide","last_name":"Daviddi","email":"fdaviddi25@stumbleupon.com","gender":"Female","address":"3562 Melrose Road"},
{"id":79,"first_name":"Jesus","last_name":"Mantz","email":"jmantz26@marriott.com","gender":"Male","address":"529 Stone Corner Court"},
{"id":80,"first_name":"Mylo","last_name":"Reichartz","email":"mreichartz27@cmu.edu","gender":"Male","address":"5 Hoffman Center"},
{"id":81,"first_name":"Steffi","last_name":"Gabbott","email":"sgabbott28@netscape.com","gender":"Female","address":"24 Stone Corner Pass"},
{"id":82,"first_name":"Hoyt","last_name":"Nutten","email":"hnutten29@reddit.com","gender":"Male","address":"86 Nevada Street"},
{"id":83,"first_name":"Linell","last_name":"O'Feeney","email":"lofeeney2a@miitbeian.gov.cn","gender":"Female","address":"1 Jenifer Parkway"},
{"id":84,"first_name":"Sean","last_name":"McKelloch","email":"smckelloch2b@buzzfeed.com","gender":"Female","address":"0209 Lotheville Terrace"},
{"id":85,"first_name":"Wenda","last_name":"Clutram","email":"wclutram2c@bbc.co.uk","gender":"Female","address":"81 Shoshone Junction"},
{"id":86,"first_name":"Garland","last_name":"Wearn","email":"gwearn2d@github.com","gender":"Female","address":"4 Logan Center"},
{"id":87,"first_name":"Tildy","last_name":"Vasilic","email":"tvasilic2e@gov.uk","gender":"Female","address":"4 Spohn Junction"},
{"id":88,"first_name":"Shelley","last_name":"Denyukhin","email":"sdenyukhin2f@tuttocitta.it","gender":"Female","address":"33376 Sauthoff Street"},
{"id":89,"first_name":"Johnny","last_name":"Myrie","email":"jmyrie2g@histats.com","gender":"Male","address":"41037 Blaine Place"},
{"id":90,"first_name":"Eula","last_name":"Hasslocher","email":"ehasslocher2h@clickbank.net","gender":"Female","address":"46 Havey Parkway"},
{"id":91,"first_name":"Gaven","last_name":"Brittle","email":"gbrittle2i@about.me","gender":"Male","address":"330 Debs Crossing"},
{"id":92,"first_name":"Alex","last_name":"Paterno","email":"apaterno2j@narod.ru","gender":"Female","address":"60 Eliot Lane"},
{"id":93,"first_name":"Rodge","last_name":"Findlay","email":"rfindlay2k@google.com.au","gender":"Male","address":"95 Sommers Center"},
{"id":94,"first_name":"Denni","last_name":"Pettegree","email":"dpettegree2l@archive.org","gender":"Female","address":"06390 Duke Trail"},
{"id":95,"first_name":"Glynnis","last_name":"Kunert","email":"gkunert2m@baidu.com","gender":"Female","address":"9 Lighthouse Bay Crossing"},
{"id":96,"first_name":"Elsa","last_name":"Aldersea","email":"ealdersea2n@bbc.co.uk","gender":"Female","address":"0665 Independence Place"},
{"id":97,"first_name":"Lise","last_name":"Fardy","email":"lfardy2o@simplemachines.org","gender":"Female","address":"38 Hollow Ridge Plaza"},
{"id":98,"first_name":"Pancho","last_name":"Casotti","email":"pcasotti2p@dedecms.com","gender":"Male","address":"9067 Arizona Drive"},
{"id":99,"first_name":"Galina","last_name":"Youthead","email":"gyouthead2q@dailymail.co.uk","gender":"Female","address":"726 Morning Center"},
{"id":100,"first_name":"Peirce","last_name":"Billsberry","email":"pbillsberry2r@soup.io","gender":"Male","address":"79 Anthes Junction"}]